Barbie,
Crayola Crayon,
Erector Set,
Etch A Sketch,
Frisbee,
Hula Hoop,
Lego,
Lincoln Logs,
Marbles,
Monopoly,
Play-Doh,
Radio Flyer Wagon,
Roller Skates,
Teddy Bear,
Tinkertoy,
View-Master,
Duncan Yo-Yo,
Bicycle,
Jacks,
Jump Rope,
Mr. Potato Head,
Slinky,
Silly Putty,
Tonka Trucks,
Jigsaw Puzzle,
Raggedy Ann,
Alphabet Blocks,
Checkers,
G I Joe,
Rocking Horse,
Scrabble,
Candy Land,
Cardboard box,
Jack-in-the-Box,
Easy-Bake Oven,
Lionel Trains,
Atari 2600,
Kite,
Raggedy Andy,
The Stick,
Baby Doll,
Skateboard,
The Ball,
Game Boy,
Big Wheel,
The Game of Life,
Playing Cards,
Hot Wheels,
Dollhouse,
Blanket,
Star Wars Action Figures,
Dominoes,
Chess,
Rubber Duck,
Little green army men,
Bubbles,
Rubik's Cube,
Puppet,
Twister,
Super Soaker,
Dungeons and Dragons,
Little People,
The Swing,
